{
    "anchorpoints": [],
    "portpins": [
        {
            "name": "1",
            "position": [
                1.0,
                0.0,
                0.0
            ],
            "rotation": [
                0.0,
                0.0,
                1.0,
                1.0,
                0.0,
                0.0,
                0.0,
                1.0,
                0.0
            ]
        },
        {
            "name": "2",
            "position": [
                3.880368083927688e-15,
                100.51738856527496,
                0.0
            ],
            "rotation": [
                0.0,
                0.0,
                -1.0,
                1.0,
                -0.0,
                0.0,
                -0.0,
                -1.0,
                -0.0
            ]
        }
    ],
    "version": 7
}