{
    "anchorpoints": [],
    "portpins": [
        {
            "name": "1",
            "position": [
                2.8,
                0.0,
                0.0
            ],
            "rotation": [
                0.0,
                0.0,
                1.0,
                1.0,
                0.0,
                0.0,
                0.0,
                1.0,
                0.0
            ]
        },
        {
            "name": "2",
            "position": [
                2.799999999999996,
                102.01037933611894,
                0.0
            ],
            "rotation": [
                0.0,
                0.0,
                -1.0,
                1.0,
                -0.0,
                0.0,
                -0.0,
                -1.0,
                -0.0
            ]
        }
    ],
    "version": 7
}