{
    "anchorpoints": [],
    "portpins": [
        {
            "name": "1",
            "position": [
                2.8,
                0.0,
                0.0
            ],
            "rotation": [
                0.0,
                0.0,
                1.0,
                1.0,
                0.0,
                0.0,
                0.0,
                1.0,
                0.0
            ]
        },
        {
            "name": "2",
            "position": [
                2.7999999999999994,
                100.81738856527497,
                0.0
            ],
            "rotation": [
                0.0,
                0.0,
                -1.0,
                1.0,
                -0.0,
                0.0,
                -0.0,
                -1.0,
                -0.0
            ]
        }
    ],
    "version": 7
}